分支,分支说明,变体目录,py文件数,唯一内容数,代码行数,主入口sha,有run命令,关键开关,入口路径
baseMSAF,多尺度注意力融合 + 双特征输入（本人核心改动）,(branch root),22,22,6772,7875b3496a,是,use_dual_feature=--feature_combo; feature_combo=mel+cqt; model_size=base384; model=ast; method=ce; n_mels=128,baseMSAF\main.py
baseMSA,Pre/Post-Patch 多尺度注意力（本人核心改动）,baseMSA_end,22,22,6220,865b59cf4c,是,model=ast; method=ce; n_mels=128,baseMSA\baseMSA_end\main.py
baseMSA,Pre/Post-Patch 多尺度注意力（本人核心改动）,baseMSA_start1 copy 2,22,22,7187,865b59cf4c,是,model=ast; method=ce; n_mels=128,baseMSA\baseMSA_start1 copy 2\main.py
baseMSA,Pre/Post-Patch 多尺度注意力（本人核心改动）,baseMSA_start1 copy 3,22,22,6945,865b59cf4c,是,model=ast; method=ce; n_mels=128,baseMSA\baseMSA_start1 copy 3\main.py
baseMSA,Pre/Post-Patch 多尺度注意力（本人核心改动）,baseMSA_start1 copy,22,22,6945,865b59cf4c,是,model=ast; method=ce; n_mels=128,baseMSA\baseMSA_start1 copy\main.py
baseMSA,Pre/Post-Patch 多尺度注意力（本人核心改动）,baseMSA_start1,22,22,6732,865b59cf4c,是,model=ast; method=ce; n_mels=128,baseMSA\baseMSA_start1\main.py
baseMSA,Pre/Post-Patch 多尺度注意力（本人核心改动）,baseMSA_start,22,22,6469,865b59cf4c,是,model=ast; method=ce; n_mels=128,baseMSA\baseMSA_start\main.py
base,原始基线（AST + patch-mix 原样）,(branch root),21,21,5190,39d446f7dd,否,,base\main.py
basefeature,换前端特征（消融：声学特征表征）,baseChromagram,26,22,6494,79a1762356,否,,basefeature\baseChromagram\main.py
basefeature,换前端特征（消融：声学特征表征）,basecochleagram,26,22,6766,8ba2ef00c5,否,,basefeature\basecochleagram\main.py
basefeature,换前端特征（消融：声学特征表征）,basecqt,26,22,6915,00eaca507e,否,,basefeature\basecqt\main.py
basefeature,换前端特征（消融：声学特征表征）,basegammatone,26,22,7174,ae5fe06953,否,,basefeature\basegammatone\main.py
basefeature,换前端特征（消融：声学特征表征）,baselogmel,26,21,7005,6bcd073e67,否,,basefeature\baselogmel\main.py
basefeature,换前端特征（消融：声学特征表征）,basemfcc,26,21,7331,98be51937d,否,,basefeature\basemfcc\main.py
basefeature,换前端特征（消融：声学特征表征）,basespe,26,21,7406,4f2f9a9266,否,,basefeature\basespe\main.py
basemodels,换骨干网络（消融：模型架构）,basecnn,16,16,5276,3cbbe1610f,是,,basemodels\basecnn\main.py
basemodels,换骨干网络（消融：模型架构）,basemachinelearning,16,16,4655,db2ba05d3f,是,model=svm,basemodels\basemachinelearning\main.py
basemodels,换骨干网络（消融：模型架构）,basemamba,22,22,5442,6bcd073e67,否,,basemodels\basemamba\main.py
basemodels,换骨干网络（消融：模型架构）,basernn,16,16,4789,7f15948054,是,,basemodels\basernn\main.py
basemodels,换骨干网络（消融：模型架构）,basetransformer,16,16,4527,ba62d98f2f,是,,basemodels\basetransformer\main.py
basemodels,换骨干网络（消融：模型架构）,basewhisper,14,14,3986,b484cfd0b4,是,model_size=base; model=whisper,basemodels\basewhisper\main.py
basevisualization,预处理与 AST 特征可视化分析,baseastfeature/baseMSA_start copy,28,26,8558,865b59cf4c,是,model=ast; method=ce; n_mels=128,basevisualization\baseastfeature\baseMSA_start copy\main.py
basevisualization,预处理与 AST 特征可视化分析,baseastfeature/baseMSA_start,28,25,8903,865b59cf4c,是,model=ast; method=ce; n_mels=128,basevisualization\baseastfeature\baseMSA_start\main.py
basevisualization,预处理与 AST 特征可视化分析,basefeature/baseChromagram,27,23,6968,79a1762356,否,,basevisualization\basefeature\baseChromagram\main.py
basevisualization,预处理与 AST 特征可视化分析,basefeature/basecochleagram,27,23,7250,8ba2ef00c5,否,,basevisualization\basefeature\basecochleagram\main.py
basevisualization,预处理与 AST 特征可视化分析,basefeature/basecqt,27,23,7387,00eaca507e,否,,basevisualization\basefeature\basecqt\main.py
basevisualization,预处理与 AST 特征可视化分析,basefeature/basefbank copy,24,24,7421,7875b3496a,是,use_dual_feature=--feature_combo; feature_combo=mel+cqt; model_size=base384; model=ast; method=ce; n_mels=128,basevisualization\basefeature\basefbank copy\main.py
basevisualization,预处理与 AST 特征可视化分析,basefeature/basefbank,24,24,7289,7875b3496a,是,use_dual_feature=--feature_combo; feature_combo=mel+cqt; model_size=base384; model=ast; method=ce; n_mels=128,basevisualization\basefeature\basefbank\main.py
basevisualization,预处理与 AST 特征可视化分析,basefeature/basegammatone,27,23,7652,ae5fe06953,否,,basevisualization\basefeature\basegammatone\main.py
basevisualization,预处理与 AST 特征可视化分析,basefeature/baselogmel,27,22,7400,6bcd073e67,否,,basevisualization\basefeature\baselogmel\main.py
basevisualization,预处理与 AST 特征可视化分析,basefeature/basemfcc,27,22,7815,98be51937d,否,,basevisualization\basefeature\basemfcc\main.py
basevisualization,预处理与 AST 特征可视化分析,basefeature/basespe,27,22,7900,4f2f9a9266,否,,basevisualization\basefeature\basespe\main.py
basevisualization,预处理与 AST 特征可视化分析,basepreprocessing,23,23,7286,865b59cf4c,是,model=ast; method=ce; n_mels=128,basevisualization\basepreprocessing\main.py
